gsv_panorama_id,sv_image_x,sv_image_y,label_type_id,photagrapher_heading,heading,is_researcher
LVbKACFUqHL0i5ALf0P41Q,5981,-598,2,320.4672241211,164.75,t
LVbKACFUqHL0i5ALf0P41Q,1909,-1664,2,320.4672241211,45.5,t
LVbKACFUqHL0i5ALf0P41Q,105,-1302,2,320.4672241211,7.625,t
LVbKACFUqHL0i5ALf0P41Q,10554,-510,2,320.4672241211,287.75,t
LVbKACFUqHL0i5ALf0P41Q,10058,-383,1,320.4672241211,259.4375,t
LVbKACFUqHL0i5ALf0P41Q,8634,-298,1,320.4672241211,233.1875,t
LVbKACFUqHL0i5ALf0P41Q,8147,-279,2,320.4672241211,233.1875,t
LVbKACFUqHL0i5ALf0P41Q,6530,-385,2,320.4672241211,169.4375,t