{"crop size": 418.49687279156814, "sv_x": 10058.0, "sv_y": -383.0, "pano id": "LVbKACFUqHL0i5ALf0P41Q", "pano yaw": -140.4672241211, "crop_y": 3711.0, "crop_x": 4863.834201388658}