{"crop size": 313.6701046104695, "sv_x": 8634.0, "sv_y": -298.0, "pano id": "LVbKACFUqHL0i5ALf0P41Q", "pano yaw": -140.4672241211, "crop_y": 3626.0, "crop_x": 3439.8342013886577}