{"crop size": 413.9677622854598, "sv_x": 6530.0, "sv_y": -385.0, "pano id": "LVbKACFUqHL0i5ALf0P41Q", "pano yaw": -140.4672241211, "crop_y": 3713.0, "crop_x": 1335.8342013886577}