{"crop size": 290.3447906312007, "sv_x": 8147.0, "sv_y": -279.0, "pano id": "LVbKACFUqHL0i5ALf0P41Q", "pano yaw": -140.4672241211, "crop_y": 3607.0, "crop_x": 2952.8342013886577}