{"crop size": 578.3893055133999, "sv_x": 10554.0, "sv_y": -510.0, "pano id": "LVbKACFUqHL0i5ALf0P41Q", "pano yaw": -140.4672241211, "crop_y": 3838.0, "crop_x": 5359.834201388658}