{"crop size": 1500, "sv_x": 1909.0, "sv_y": -1664.0, "pano id": "LVbKACFUqHL0i5ALf0P41Q", "pano yaw": -140.4672241211, "crop_y": 4992.0, "crop_x": 10026.834201388658}