{"crop size": 1500, "sv_x": 105.0, "sv_y": -1302.0, "pano id": "LVbKACFUqHL0i5ALf0P41Q", "pano yaw": -140.4672241211, "crop_y": 4630.0, "crop_x": 8222.834201388658}