{"crop size": 683.5100551445958, "sv_x": 5981.0, "sv_y": -598.0, "pano id": "LVbKACFUqHL0i5ALf0P41Q", "pano yaw": -140.4672241211, "crop_y": 3926.0, "crop_x": 786.8342013886577}